-- phpMyAdmin SQL Dump
-- version 5.2.1
-- https://www.phpmyadmin.net/
--
-- Host: 127.0.0.1
-- Generation Time: Oct 02, 2025 at 08:31 AM
-- Server version: 10.4.32-MariaDB
-- PHP Version: 8.1.25

SET SQL_MODE = "NO_AUTO_VALUE_ON_ZERO";
START TRANSACTION;
SET time_zone = "+00:00";


/*!40101 SET @OLD_CHARACTER_SET_CLIENT=@@CHARACTER_SET_CLIENT */;
/*!40101 SET @OLD_CHARACTER_SET_RESULTS=@@CHARACTER_SET_RESULTS */;
/*!40101 SET @OLD_COLLATION_CONNECTION=@@COLLATION_CONNECTION */;
/*!40101 SET NAMES utf8mb4 */;

--
-- Database: `business_crm`
--

-- --------------------------------------------------------

--
-- Table structure for table `chat_messages`
--

CREATE TABLE `chat_messages` (
  `message_id` int(11) NOT NULL,
  `session_id` varchar(36) DEFAULT NULL,
  `sender` enum('user','ai') NOT NULL,
  `message_text` text NOT NULL,
  `timestamp` timestamp NOT NULL DEFAULT current_timestamp(),
  `tokens_used` int(11) DEFAULT 0,
  `response_time_ms` int(11) DEFAULT 0
) ENGINE=InnoDB DEFAULT CHARSET=utf8mb4 COLLATE=utf8mb4_general_ci;

--
-- Dumping data for table `chat_messages`
--

INSERT INTO `chat_messages` (`message_id`, `session_id`, `sender`, `message_text`, `timestamp`, `tokens_used`, `response_time_ms`) VALUES
(18, '7d0d6ccb-6c91-48f8-9172-e3c5a3b155bf', 'user', 'hai', '2025-10-01 16:22:29', 0, 0),
(19, '7d0d6ccb-6c91-48f8-9172-e3c5a3b155bf', 'ai', 'Halo! Apa yang bisa saya bantu hari ini? Saya Vendra AI, siap memberikan wawasan bisnis berdasarkan data terkini untuk membantu Anda membuat keputusan yang lebih baik.\n', '2025-10-01 16:22:31', 0, 1392),
(20, 'fe5d16b0-ffea-4d7d-b4f5-ec7015620145', 'user', 'hai', '2025-10-01 18:01:39', 0, 0),
(21, '266b13ea-19f1-44a7-8ea7-e9407e038b05', 'ai', 'Halo! 👋 Senang bisa membantu Anda. Mari kita lihat ringkasan bisnis kita.\n\n**📊 RINGKASAN BISNIS**\n\n*   Total Pelanggan: 15\n*   Total Pendapatan: Rp 42.300.000\n*   Total Transaksi: 15\n*   Rata-rata Transaksi: Rp 2.820.000\n*   Kategori Produk: 4\n\n**💡 INSIGHT BISNIS**\n\n1.  **Pendapatan Terkonsentrasi:** Sebagian besar pendapatan berasal dari sedikit pelanggan. Budi Santoso (VIP) menyumbang Rp 8.500.000 (sekitar 20% dari total pendapatan). Ini menunjukkan potensi risiko jika pelanggan VIP ini berhenti berbelanja.\n2.  **Kategori Produk Elektronik Unggul:** Kategori Elektronik menghasilkan Rp 16.500.000 dari 3 penjualan, jauh di atas kategori lainnya. Produk terlaris kita adalah Laptop Gaming ASUS ROG seharga Rp 8.500.000.\n3.  **Nilai Pelanggan Baru Rendah:** Segmen \"New\" memiliki 5 pelanggan, tetapi rata-rata transaksi hanya Rp 850.000. Ini menunjukkan perlunya strategi untuk meningkatkan nilai transaksi pelanggan baru.\n4. **Pelanggan Regular Potensial**: Pelanggan regular menyumbang pendapatan terbesar, yaitu Rp 22.400.000 dengan rata-rata transaksi Rp 3.200.000.\n\n**🎯 REKOMENDASI**\n\n*   **Pertahankan Pelanggan VIP:**\n    *   Hubungi Budi Santoso secara pribadi. Tawarkan diskon eksklusif atau layanan *personal shopper* untuk mempertahankan loyalitasnya.\n*   **Optimalkan Kategori Elektronik:**\n    1.  Lakukan promosi silang ( *cross-selling* ) produk elektronik. Misalnya, tawarkan aksesoris *gaming* saat pelanggan membeli Laptop Gaming ASUS ROG.\n    2.  Stok barang elektronik terlaris seperti Laptop Gaming ASUS ROG dan Monitor Gaming 27 inch, karena tingginya minat dari pelanggan.\n*   **Tingkatkan Nilai Pelanggan Baru:**\n    *   Buat program *welcome* yang menarik untuk pelanggan baru. Tawarkan diskon untuk pembelian kedua atau *bundling* produk.\n    *   Kirim email *follow-up* yang dipersonalisasi berdasarkan produk yang dilihat atau dibeli sebelumnya.\n* **Fokus ke Pelanggan Regular:**\n    * Berikan penawaran khusus atau program loyalitas untuk mendorong pelanggan Regular agar terus berbelanja.\n    * Lakukan segmentasi lebih lanjut pada pelanggan regular.\n\nSemoga analisis ini bermanfaat! Apa lagi yang bisa saya bantu? 😊\n', '2025-10-01 18:01:45', 0, 6455),
(22, 'fe5d16b0-ffea-4d7d-b4f5-ec7015620145', 'user', 'hai', '2025-10-01 18:12:28', 0, 0),
(23, 'fe5d16b0-ffea-4d7d-b4f5-ec7015620145', 'ai', 'Tentu, mari kita mulai analisis data dan memberikan rekomendasi berdasarkan informasi yang tersedia.\n\n**📊 RINGKASAN BISNIS:**\n\n*   Total Pelanggan: 15\n*   Total Pendapatan: Rp 42.300.000\n*   Total Transaksi: 15\n*   Rata-rata Transaksi: Rp 2.820.000\n\n**💡 INSIGHT BISNIS:**\n\n1.  **Potensi Peningkatan Segmen New:** Segmen \"New\" memiliki 5 pelanggan tetapi hanya menyumbang Rp 4.250.000 dengan rata-rata Rp 850.000 per pelanggan. Ini menunjukkan peluang besar untuk meningkatkan nilai transaksi dari pelanggan baru.\n2.  **Dominasi Kategori Elektronik:** Kategori \"Electronics\" memberikan kontribusi pendapatan tertinggi, yaitu Rp 16.500.000 dari 3 penjualan. Ini menunjukkan minat yang kuat pada produk elektronik.\n3.  **Pentingnya Pelanggan VIP:** Budi Santoso (VIP) adalah pelanggan dengan pengeluaran tertinggi (Rp 8.500.000), menunjukkan pentingnya program loyalitas atau penawaran eksklusif untuk mempertahankan dan meningkatkan pengeluaran pelanggan VIP.\n4.  **Pelanggan Regular Potensial:** Pelanggan regular (7 pelanggan, total Rp 22.400.000) merupakan kontributor pendapatan yang besar. Meningkatkan pengalaman belanja mereka dapat mendorong mereka naik ke segmen premium.\n\n**🎯 REKOMENDASI:**\n\n*   **Fokus pada Pelanggan Baru:**\n    *   Buat kampanye email khusus untuk pelanggan \"New\" dengan penawaran diskon atau bundling produk untuk meningkatkan nilai transaksi pertama mereka. Contoh: Diskon 10% untuk pembelian kedua.\n    *   Tawarkan program loyalitas sederhana yang memberikan poin untuk setiap pembelian, yang dapat ditukarkan dengan hadiah atau diskon.\n*   **Optimalkan Kategori Elektronik:**\n    *   Tingkatkan inventaris produk elektronik yang populer seperti Laptop Gaming ASUS ROG dan Monitor Gaming 27 inch.\n    *   Buat promosi silang (cross-selling) untuk produk elektronik. Contoh: Tawarkan bundling monitor gaming dengan keyboard dan mouse gaming.\n*   **Pertahankan Pelanggan VIP:**\n    *   Berikan layanan pelanggan prioritas kepada Budi Santoso dan pelanggan VIP lainnya.\n    *   Tawarkan diskon eksklusif, hadiah ulang tahun, atau akses awal ke produk baru.\n*   **Tingkatkan Pelanggan Regular:**\n    *   Kirimkan survei kepuasan pelanggan kepada pelanggan regular untuk memahami kebutuhan dan preferensi mereka.\n    *   Buat program loyalitas bertingkat yang memberikan keuntungan lebih besar kepada pelanggan dengan pengeluaran lebih tinggi.\n\n**ACTION ITEMS:**\n\n1.  📊 Tim pemasaran membuat kampanye email untuk pelanggan baru dalam 1 minggu.\n2.  📈 Tim penjualan memastikan ketersediaan stok produk elektronik terlaris.\n3.  💡 Tim layanan pelanggan menghubungi Budi Santoso untuk menawarkan layanan prioritas.\n4.  🎯 Tim analisis data membuat segmentasi pelanggan yang lebih rinci berdasarkan perilaku pembelian.\n', '2025-10-01 18:12:36', 0, 7578),
(24, 'fe5d16b0-ffea-4d7d-b4f5-ec7015620145', 'user', 'transaksi nominal paling rendah', '2025-10-01 19:24:53', 0, 0),
(25, 'fe5d16b0-ffea-4d7d-b4f5-ec7015620145', 'ai', 'Baik, berdasarkan data bisnis yang tersedia, berikut adalah analisis transaksi dengan nominal paling rendah:\n\n**📊 ANALISIS DATA:**\n\n-   **Transaksi Nominal Paling Rendah:** Transaksi dengan nominal paling rendah adalah Rp 850.000, yang dilakukan oleh pelanggan baru (New).\n-   **Jumlah Pelanggan \"New\":** Terdapat 5 pelanggan dalam segmen \"New\".\n-   **Total Pendapatan dari Pelanggan \"New\":** Total pendapatan dari segmen pelanggan \"New\" adalah Rp 4.250.000.\n-   **Rata-rata Transaksi Pelanggan \"New\":** Rata-rata transaksi per pelanggan \"New\" adalah Rp 850.000.\n\n**💡 INSIGHT BISNIS:**\n\n1.  **Nilai Transaksi Awal Rendah:** Pelanggan baru cenderung melakukan pembelian dengan nilai transaksi yang lebih rendah dibandingkan dengan pelanggan dari segmen lain (VIP, Premium, Regular).\n2.  **Peluang Peningkatan Nilai Transaksi:** Terdapat peluang untuk meningkatkan nilai transaksi dari pelanggan baru melalui strategi yang tepat.\n3.  **Potensi Pertumbuhan:** Segmen \"New\" memiliki potensi pertumbuhan yang signifikan karena jumlah pelanggannya cukup besar (5 pelanggan).\n\n**🎯 REKOMENDASI:**\n\nUntuk meningkatkan nilai transaksi dan loyalitas pelanggan baru, saya merekomendasikan tindakan berikut:\n\n*   **Program Selamat Datang (Welcome Program):** 🎁\n    *   Tawarkan diskon khusus atau hadiah untuk pembelian pertama di atas nominal tertentu (misalnya, diskon 10% untuk pembelian di atas Rp 1.500.000).\n    *   Kirimkan email selamat datang yang personal dengan rekomendasi produk berdasarkan minat awal mereka.\n*   **Bundling Produk:** 📦\n    *   Tawarkan bundling produk dengan harga yang lebih menarik untuk mendorong pelanggan baru membeli lebih banyak produk dalam satu transaksi.\n    *   Contoh: Bundling \"Smartphone Samsung Galaxy\" dengan aksesoris tambahan seperti casing dan screen protector.\n*   **Program Loyalitas untuk Pelanggan Baru:** ⭐\n    *   Buat program loyalitas sederhana untuk pelanggan baru yang memberikan poin reward untuk setiap pembelian.\n    *   Poin reward dapat ditukarkan dengan diskon atau hadiah di pembelian berikutnya.\n*   **Personalisasi Penawaran:** 🎯\n    *   Gunakan data pembelian awal pelanggan baru untuk mempersonalisasi penawaran dan rekomendasi produk yang lebih relevan dengan minat mereka.\n    *   Contoh: Jika pelanggan baru membeli \"Monitor Gaming 27 inch\", tawarkan keyboard gaming atau mouse gaming dengan harga khusus.\n*   **Edukasi Produk:** 💡\n    *   Berikan konten edukasi yang relevan tentang produk yang dibeli oleh pelanggan baru melalui email atau media sosial.\n    *   Contoh: Tips dan trik penggunaan \"Laptop Gaming ASUS ROG\" atau panduan perawatan \"Kulkas 2 Pintu\".\n\n**📝 ACTION ITEMS:**\n\n1.  **Implementasikan Program Selamat Datang:** Buat email otomatis yang dikirimkan kepada pelanggan baru dengan penawaran khusus.\n2.  **Kembangkan Bundling Produk:** Identifikasi produk yang sering dibeli bersamaan dan buat bundling dengan harga yang lebih menarik.\n3.  **Rancang Program Loyalitas Sederhana:** Buat sistem poin reward yang mudah dipahami dan memberikan manfaat nyata bagi pelanggan.\n4.  **Personalisasi Email Marketing:** Gunakan data pembelian pelanggan baru untuk mengirimkan email dengan rekomendasi produk yang relevan.\n5.  **Buat Konten Edukasi:** Kembangkan artikel blog, video tutorial, atau infografis tentang produk terlaris untuk pelanggan baru.\n\nDengan menerapkan rekomendasi ini, diharapkan nilai transaksi rata-rata dari pelanggan baru dapat meningkat, sehingga berkontribusi pada peningkatan pendapatan secara keseluruhan. 📈\n', '2025-10-01 19:24:59', 0, 6639),
(26, 'fe5d16b0-ffea-4d7d-b4f5-ec7015620145', 'user', 'transaksi paling besar ?', '2025-10-01 19:25:25', 0, 0),
(27, 'fe5d16b0-ffea-4d7d-b4f5-ec7015620145', 'ai', 'Baik, berikut adalah analisis transaksi terbesar berdasarkan data bisnis yang tersedia:\n\n**📊 ANALISIS DATA:**\n\n*   **Transaksi Terbesar:** Transaksi terbesar adalah Rp 8.500.000.\n*   **Pelanggan:** Transaksi ini dilakukan oleh Budi Santoso.\n*   **Segmen Pelanggan:** Budi Santoso termasuk dalam segmen VIP.\n*   **Produk:** Produk yang dibeli adalah Laptop Gaming ASUS ROG dari kategori Electronics.\n*   **Kontribusi:** Transaksi ini menyumbang 20.1% dari total pendapatan (Rp 8.500.000 / Rp 42.300.000).\n\n**💡 INSIGHT BISNIS:**\n\n1.  **Nilai Pelanggan VIP:** Pelanggan VIP memiliki nilai transaksi yang sangat tinggi dibandingkan segmen lainnya. Satu pelanggan VIP (Budi Santoso) menyumbang 20.1% dari total pendapatan.\n2.  **Potensi Produk High-End:** Laptop Gaming ASUS ROG menunjukkan potensi penjualan produk dengan harga tinggi di kategori Electronics.\n3.  **Pentingnya Retensi Pelanggan VIP:** Kehilangan pelanggan VIP dapat berdampak signifikan pada pendapatan.\n\n**🎯 REKOMENDASI:**\n\nUntuk memaksimalkan potensi pendapatan dari transaksi besar, saya merekomendasikan tindakan berikut:\n\n*   **Fokus pada Retensi VIP:** 🏆\n    *   Prioritaskan layanan pelanggan yang personal dan eksklusif untuk pelanggan VIP seperti Budi Santoso.\n    *   Tawarkan diskon khusus, hadiah ulang tahun, atau akses awal ke produk baru.\n*   **Upselling dan Cross-selling:** 💰\n    *   Tawarkan produk pelengkap atau upgrade kepada pelanggan VIP.\n    *   Contoh: Menawarkan aksesoris gaming premium (headset, mouse, keyboard) kepada Budi Santoso setelah pembelian Laptop Gaming ASUS ROG.\n*   **Identifikasi Pelanggan Potensial VIP:** 👥\n    *   Analisis data pelanggan Premium dan Regular untuk mengidentifikasi pelanggan yang memiliki potensi untuk menjadi VIP berdasarkan frekuensi pembelian, nilai transaksi rata-rata, dan minat terhadap produk high-end.\n    *   Tawarkan program eksklusif atau insentif untuk mendorong mereka meningkatkan pengeluaran dan naik ke segmen VIP.\n*   **Promosikan Produk High-End:** 💡\n    *   Tampilkan produk-produk high-end seperti Laptop Gaming ASUS ROG secara lebih menonjol di toko online dan offline.\n    *   Buat konten edukasi yang menarik tentang keunggulan produk high-end.\n*   **Program Referral VIP:** ⭐\n    *   Berikan insentif kepada pelanggan VIP yang mereferensikan teman atau keluarga untuk bergabung sebagai pelanggan.\n    *   Contoh: Berikan diskon atau hadiah khusus kepada Budi Santoso jika berhasil mereferensikan pelanggan baru yang melakukan pembelian Laptop Gaming ASUS ROG.\n\n**📝 ACTION ITEMS:**\n\n1.  **Implementasikan Program Retensi VIP:** Rancang program layanan pelanggan yang personal dan eksklusif untuk pelanggan VIP.\n2.  **Latih Tim Penjualan untuk Upselling:** Berikan pelatihan kepada tim penjualan tentang teknik upselling dan cross-selling produk high-end.\n3.  **Analisis Data Pelanggan:** Identifikasi pelanggan Premium dan Regular yang berpotensi menjadi VIP.\n4.  **Tingkatkan Visibilitas Produk High-End:** Tempatkan produk high-end di lokasi strategis di toko online dan offline.\n5.  **Buat Program Referral VIP:** Rancang program referral yang menarik bagi pelanggan VIP.\n\nDengan menerapkan rekomendasi ini, diharapkan dapat mempertahankan pelanggan VIP, meningkatkan nilai transaksi rata-rata, dan menarik pelanggan baru ke segmen VIP, sehingga berkontribusi pada peningkatan pendapatan secara keseluruhan. 📈\n', '2025-10-01 19:25:31', 0, 6176),
(28, 'fe5d16b0-ffea-4d7d-b4f5-ec7015620145', 'user', 'brpa tranksasi nya ?', '2025-10-01 19:25:49', 0, 0),
(29, 'fe5d16b0-ffea-4d7d-b4f5-ec7015620145', 'ai', 'Baik, mari kita lihat rincian transaksinya:\n\n**📊 ANALISIS DATA:**\n\n*   **Total Transaksi:** Terdapat 15 transaksi secara keseluruhan.\n*   **Rata-rata Transaksi:** Rata-rata nilai transaksi adalah Rp 2.820.000.\n*   **Transaksi Terbesar:** Transaksi terbesar dilakukan oleh Budi Santoso dengan nilai Rp 8.500.000.\n*   **Transaksi Terkecil (dari 5 transaksi terakhir):** Dari 5 transaksi terakhir yang tercatat, yang terkecil adalah transaksi Sari Dewi senilai Rp 2.500.000.\n\n**💡 INSIGHT BISNIS:**\n\n1.  **Potensi Peningkatan Nilai Transaksi:** Rata-rata transaksi masih bisa ditingkatkan. Fokus pada strategi *upselling* dan *cross-selling* untuk meningkatkan nilai setiap transaksi.\n2.  **Pentingnya Transaksi Besar:** Satu transaksi besar (Rp 8.500.000 dari Budi Santoso) memiliki dampak signifikan terhadap total pendapatan. Mempertahankan dan meningkatkan frekuensi transaksi besar adalah kunci.\n3.  **Variasi Nilai Transaksi:** Terdapat variasi yang cukup besar antara transaksi terbesar dan terkecil (Rp 8.500.000 vs Rp 2.500.000). Ini menunjukkan peluang untuk menaikkan nilai transaksi pelanggan yang lebih rendah.\n\n**🎯 REKOMENDASI:**\n\nUntuk meningkatkan jumlah dan nilai transaksi, saya merekomendasikan tindakan berikut:\n\n*   **Program Loyalitas Berjenjang:** 🏆\n    *   Buat program loyalitas dengan tingkatan yang berbeda (misalnya, Bronze, Silver, Gold) berdasarkan jumlah transaksi atau nilai belanja.\n    *   Berikan hadiah dan keuntungan eksklusif untuk setiap tingkatan, mendorong pelanggan untuk meningkatkan jumlah transaksi dan belanja mereka.\n*   **Kampanye Promosi Bertema:** 💰\n    *   Luncurkan kampanye promosi dengan tema tertentu setiap bulan atau kuartal.\n    *   Contoh: \"Beli 2, Gratis 1\" untuk produk tertentu, diskon untuk pembelian di atas Rp 5.000.000, atau penawaran khusus untuk pelanggan yang melakukan transaksi di hari tertentu.\n*   **Personalisasi Penawaran:** 👥\n    *   Gunakan data pelanggan untuk mempersonalisasi penawaran.\n    *   Contoh: Jika seorang pelanggan sering membeli produk dari kategori *Electronics*, tawarkan diskon untuk produk *Electronics* baru atau produk pelengkap lainnya.\n*   **Bundling Produk:** 💡\n    *   Buat *bundling* produk yang menarik dengan harga yang lebih murah daripada membeli produk secara terpisah.\n    *   Contoh: Bundel \"Laptop Gaming ASUS ROG\" dengan aksesoris gaming (headset, mouse, keyboard) dengan harga khusus.\n*   **Program Referral Pelanggan:** ⭐\n    *   Berikan insentif kepada pelanggan yang mereferensikan teman atau keluarga untuk melakukan transaksi.\n    *   Contoh: Berikan diskon atau *voucher* belanja kepada pelanggan yang berhasil mereferensikan pelanggan baru.\n\n**📝 ACTION ITEMS:**\n\n1.  **Rancang Program Loyalitas Berjenjang:** Definisikan tingkatan, hadiah, dan keuntungan untuk setiap tingkatan dalam program loyalitas.\n2.  **Buat Kalender Promosi:** Rencanakan kampanye promosi untuk setiap bulan atau kuartal.\n3.  **Implementasikan Personalisasi Penawaran:** Gunakan data pelanggan untuk mempersonalisasi penawaran di *email marketing* dan *website*.\n4.  **Buat Bundling Produk:** Identifikasi produk yang cocok untuk dibundel dan tetapkan harga yang menarik.\n5.  **Luncurkan Program Referral:** Promosikan program referral kepada pelanggan dan berikan insentif yang menarik.\n', '2025-10-01 19:25:56', 0, 7059),
(30, '347a4a3e-5613-4205-bf34-52bf54531e71', 'user', 'hi', '2025-10-02 05:24:09', 0, 0),
(31, '347a4a3e-5613-4205-bf34-52bf54531e71', 'ai', 'Halo! Senang bisa membantu Anda menganalisis data bisnis Anda. Berikut adalah beberapa wawasan dan rekomendasi berdasarkan data yang Anda berikan:\n\n**📊 ANALISIS DATA:**\n\n*   **Total Pelanggan:** Ada 15 pelanggan, dengan total pendapatan sebesar Rp 42.300.000.\n*   **Rata-rata Transaksi:** Rata-rata transaksi adalah Rp 2.820.000.\n*   **Pelanggan Teratas:** Budi Santoso (VIP) adalah pelanggan dengan pengeluaran tertinggi yaitu Rp 8.500.000.\n*   **Kategori Produk Terlaris:** Kategori Electronics memiliki penjualan tertinggi dengan total pendapatan Rp 16.500.000 dari 3 penjualan.\n*   **Segmen Pelanggan:** Segmen Regular memberikan kontribusi pendapatan terbesar yaitu Rp 22.400.000 dari 7 pelanggan.\n\n**💡 INSIGHT BISNIS:**\n\n1.  **Potensi Pelanggan VIP:** Budi Santoso sebagai pelanggan VIP memberikan kontribusi pendapatan yang signifikan (Rp 8.500.000). Fokus pada retensi dan peningkatan nilai pelanggan VIP ini sangat penting.\n2.  **Pentingnya Segmen Regular:** Segmen Regular adalah kontributor pendapatan terbesar dengan total Rp 22.400.000. Upaya untuk meningkatkan loyalitas dan nilai transaksi rata-rata dari segmen ini akan sangat berpengaruh.\n3.  **Dominasi Kategori Electronics:** Kategori Electronics mendominasi penjualan dengan pendapatan Rp 16.500.000. Ini menunjukkan minat yang kuat pada produk elektronik di antara pelanggan Anda.\n4.  **Peluang di Segmen New:** Segmen New memiliki 5 pelanggan, tetapi rata-rata transaksinya hanya Rp 850.000. Ada peluang besar untuk meningkatkan nilai transaksi rata-rata dari segmen ini melalui penawaran khusus atau bundling produk.\n5.  **Diversifikasi Produk:** Kategori Fashion dan Home & Living masih memiliki penjualan yang rendah. Ada peluang untuk memperluas variasi produk dan promosi di kategori ini.\n\n**🎯 REKOMENDASI:**\n\n*   **Program Loyalitas VIP:** Kembangkan program loyalitas eksklusif untuk pelanggan VIP seperti Budi Santoso. Tawarkan diskon khusus, akses awal ke produk baru, atau layanan personalisasi untuk mempertahankan dan meningkatkan nilai pelanggan ini.\n*   **Kampanye Peningkatan Nilai Segmen Regular:** Luncurkan kampanye pemasaran yang menargetkan segmen Regular. Tawarkan diskon untuk pembelian berulang, program referral, atau bundling produk untuk meningkatkan nilai transaksi rata-rata.\n*   **Fokus pada Produk Elektronik:** Tingkatkan inventaris dan promosi produk elektronik yang populer seperti Laptop Gaming ASUS ROG dan Smartphone Samsung Galaxy. Pertimbangkan untuk menambahkan variasi produk atau aksesori terkait.\n*   **Personalisasi Penawaran untuk Segmen New:** Kirimkan email personalisasi kepada pelanggan di segmen New dengan penawaran khusus berdasarkan minat mereka. Tawarkan diskon untuk pembelian pertama atau bundling produk untuk mendorong pembelian lebih lanjut.\n*   **Promosi Silang Kategori Produk:** Buat promosi silang antara kategori produk yang berbeda. Misalnya, tawarkan diskon untuk produk Fashion atau Home & Living jika pelanggan membeli produk Electronics.\n\n**📝 ACTION ITEMS:**\n\n1.  **Evaluasi Program Loyalitas VIP:** Tinjau dan perbarui program loyalitas VIP untuk memastikan relevansi dan daya tarik bagi pelanggan seperti Budi Santoso.\n2.  **Rencanakan Kampanye Pemasaran Segmen Regular:** Kembangkan rencana pemasaran yang terfokus untuk meningkatkan nilai transaksi rata-rata dari segmen Regular.\n3.  **Analisis Tren Produk Elektronik:** Lakukan analisis tren pasar untuk mengidentifikasi produk elektronik baru yang potensial untuk ditambahkan ke inventaris Anda.\n4.  **Buat Email Otomatis untuk Segmen New:** Siapkan serangkaian email otomatis yang dipersonalisasi untuk menyambut pelanggan baru dan menawarkan insentif untuk pembelian pertama.\n5.  **Kembangkan Promosi Silang:** Rencanakan promosi silang yang menarik untuk meningkatkan penjualan di kategori produk yang kurang populer.\n\nSemoga analisis dan rekomendasi ini bermanfaat! Jika Anda memiliki pertanyaan lebih lanjut, jangan ragu untuk bertanya.\n', '2025-10-02 05:24:16', 0, 6834),
(32, '347a4a3e-5613-4205-bf34-52bf54531e71', 'user', 'berapa produk laku di bulan mei', '2025-10-02 05:25:22', 0, 0),
(33, '347a4a3e-5613-4205-bf34-52bf54531e71', 'ai', 'Oke, berdasarkan data yang diberikan, berikut adalah analisis mengenai penjualan produk di bulan Mei:\n\n**📊 ANALISIS DATA:**\n\n*   **Total Penjualan Produk:** Terdapat 5 produk berbeda yang terjual di bulan Mei.\n*   **Kategori Produk Terjual:**\n    *   Electronics: 3 penjualan (Laptop Gaming ASUS ROG, Smartphone Samsung Galaxy, Monitor Gaming 27 inch)\n    *   Fashion: 1 penjualan (Jam Tangan Rolex)\n    *   Home & Living: 1 penjualan (Kulkas 2 Pintu)\n*   **Pelanggan Terlibat:** Budi Santoso, Ahmad Rahman, Sari Dewi, Maya Sari, dan Dedi Gunawan.\n\n**💡 INSIGHT BISNIS:**\n\n1.  **Elektronik Mendominasi:** Kategori \"Electronics\" menyumbang penjualan terbanyak, yaitu 3 dari 5 produk yang terjual (60%). Ini menunjukkan minat yang kuat terhadap produk elektronik.\n2.  **Produk Premium Laris:** Pelanggan dengan segmen VIP (Budi Santoso) dan Premium (Ahmad Rahman & Sari Dewi) membeli produk dengan nilai tinggi, yaitu Laptop Gaming ASUS ROG (Rp 8.500.000), Smartphone Samsung Galaxy (Rp 4.500.000), dan Jam Tangan Rolex (Rp 2.500.000).\n3.  **Diversifikasi Produk:** Meskipun Electronics unggul, penjualan dari kategori Home & Living dan Fashion menunjukkan adanya ketertarikan terhadap produk selain elektronik.\n4.  **Rata-rata Transaksi Tinggi:** Rata-rata transaksi di bulan Mei mencapai Rp 2.820.000, menunjukkan bahwa pelanggan cenderung membeli produk dengan harga yang relatif tinggi.\n\n**🎯 REKOMENDASI:**\n\n*   **Fokus pada Kategori Elektronik:** Tingkatkan inventaris produk elektronik, terutama laptop gaming, smartphone, dan monitor gaming. Pertimbangkan untuk menawarkan bundling atau promo khusus untuk menarik lebih banyak pelanggan.\n*   **Targetkan Segmen VIP dan Premium:** Kembangkan program loyalitas khusus untuk pelanggan VIP dan Premium dengan menawarkan diskon eksklusif, akses awal ke produk baru, atau layanan personalisasi.\n*   **Promosikan Produk Home & Living dan Fashion:** Tingkatkan visibilitas produk Home & Living dan Fashion melalui kampanye pemasaran yang ditargetkan. Tawarkan diskon atau promo bundling untuk mendorong penjualan.\n*   **Pantau Tren Pasar:** Terus pantau tren pasar dan preferensi pelanggan untuk mengidentifikasi peluang produk baru dan menyesuaikan strategi penjualan.\n*   **Personalisasi Penawaran:** Manfaatkan data pelanggan untuk memberikan penawaran yang dipersonalisasi berdasarkan riwayat pembelian dan preferensi mereka. Contoh: tawarkan aksesoris smartphone kepada Ahmad Rahman atau produk perawatan jam tangan kepada Sari Dewi.\n\n**🏆 ACTION ITEMS:**\n\n1.  **Analisis lebih lanjut:** Lakukan analisis lebih mendalam terhadap produk elektronik terlaris untuk memahami fitur atau merek apa yang paling diminati pelanggan.\n2.  **Kampanye Pemasaran:** Luncurkan kampanye pemasaran yang menyoroti keunggulan produk Home & Living dan Fashion.\n3.  **Program Loyalitas:** Kembangkan program loyalitas untuk pelanggan VIP dan Premium dengan benefit yang menarik.\n4.  **Inventaris:** Pastikan ketersediaan stok produk elektronik terlaris.\n', '2025-10-02 05:25:29', 0, 6006);

-- --------------------------------------------------------

--
-- Table structure for table `chat_sessions`
--

CREATE TABLE `chat_sessions` (
  `session_id` varchar(36) NOT NULL,
  `user_id` varchar(50) DEFAULT 'admin',
  `session_title` varchar(255) DEFAULT NULL,
  `created_at` timestamp NOT NULL DEFAULT current_timestamp(),
  `updated_at` timestamp NOT NULL DEFAULT current_timestamp() ON UPDATE current_timestamp(),
  `is_active` tinyint(1) DEFAULT 1,
  `message_count` int(11) DEFAULT 0
) ENGINE=InnoDB DEFAULT CHARSET=utf8mb4 COLLATE=utf8mb4_general_ci;

--
-- Dumping data for table `chat_sessions`
--

INSERT INTO `chat_sessions` (`session_id`, `user_id`, `session_title`, `created_at`, `updated_at`, `is_active`, `message_count`) VALUES
('0a685d1b-2d0c-45ed-80e9-4f37c966f6b9', 'admin', 'Chat AI - 2/10/2025', '2025-10-02 02:27:00', '2025-10-02 02:27:00', 1, 0),
('266b13ea-19f1-44a7-8ea7-e9407e038b05', 'admin', 'Chat AI - 2/10/2025 02.01', '2025-10-01 18:01:45', '2025-10-01 18:01:45', 1, 1),
('347a4a3e-5613-4205-bf34-52bf54531e71', 'admin', 'Chat AI - 2/10/2025', '2025-10-02 05:23:51', '2025-10-02 05:25:29', 1, 4),
('52bc312d-3a9c-4e80-915e-3d483f7647db', 'admin', 'Chat AI - 2/10/2025', '2025-10-01 17:28:08', '2025-10-01 17:28:08', 1, 0),
('5abeed47-ddf4-452e-ba1e-e9906c5db0f3', 'admin', 'Chat AI - 2/10/2025', '2025-10-01 18:36:23', '2025-10-01 18:36:23', 1, 0),
('6cc1f329-9c83-4947-9cf3-a90ecbebbdda', 'admin', 'Chat AI - 2/10/2025', '2025-10-01 16:25:56', '2025-10-01 16:25:56', 1, 0),
('7d0d6ccb-6c91-48f8-9172-e3c5a3b155bf', 'admin', 'Chat AI - 2/10/2025', '2025-10-01 16:22:16', '2025-10-01 16:22:31', 1, 2),
('8f289c33-1fca-4fca-abd0-aaae3eede2f2', 'admin', 'Chat AI - 2/10/2025', '2025-10-01 17:41:24', '2025-10-01 17:41:24', 1, 0),
('ab5a03b9-006d-4330-a675-1a6baa0d16f2', 'admin', 'Chat AI - 2/10/2025', '2025-10-01 17:29:56', '2025-10-01 17:29:56', 1, 0),
('d185f976-a2aa-4b5e-9d2b-ebd65bd88035', 'admin', 'Chat AI - 2/10/2025', '2025-10-01 18:31:33', '2025-10-01 18:31:33', 1, 0),
('d4eaeb7d-0e4a-4922-b411-f6a16427ca4b', 'admin', 'Chat AI - 2/10/2025', '2025-10-02 01:51:20', '2025-10-02 01:51:20', 1, 0),
('d6d10143-8811-416b-85fa-874ab324e45a', 'admin', 'Chat AI - 2/10/2025', '2025-10-02 02:26:35', '2025-10-02 02:26:35', 1, 0),
('e5987fe6-d620-4403-8290-78ccacb52b2a', 'admin', 'Chat AI - 2/10/2025 01.48', '2025-10-01 17:48:22', '2025-10-01 17:48:22', 1, 0),
('ed565513-c8ae-4a5a-93e0-d6b4f18cfa8d', 'admin', 'Chat AI - 2/10/2025', '2025-10-01 18:05:12', '2025-10-01 18:05:12', 1, 0),
('f33be085-da49-4455-85c7-90827e17530a', 'admin', 'Chat AI - 2/10/2025', '2025-10-01 17:29:19', '2025-10-01 17:29:19', 1, 0),
('fe5d16b0-ffea-4d7d-b4f5-ec7015620145', 'admin', 'Chat AI - 2/10/2025', '2025-10-01 17:44:24', '2025-10-01 19:25:56', 1, 9);

-- --------------------------------------------------------

--
-- Table structure for table `customer_transactions`
--

CREATE TABLE `customer_transactions` (
  `id` int(11) NOT NULL,
  `unique_customer_id` varchar(50) NOT NULL,
  `transaction_date` datetime NOT NULL,
  `customer_name` varchar(100) NOT NULL,
  `customer_email` varchar(100) DEFAULT NULL,
  `customer_phone` varchar(20) DEFAULT NULL,
  `product_type` varchar(100) NOT NULL,
  `product_name` varchar(200) DEFAULT NULL,
  `quantity` int(11) DEFAULT 1,
  `unit_price` decimal(15,2) NOT NULL,
  `total_amount` decimal(15,2) NOT NULL,
  `payment_method` enum('cash','credit_card','debit_card','bank_transfer','e_wallet') DEFAULT 'cash',
  `transaction_status` enum('pending','completed','cancelled','refunded') DEFAULT 'completed',
  `notes` text DEFAULT NULL,
  `created_at` timestamp NOT NULL DEFAULT current_timestamp(),
  `updated_at` timestamp NOT NULL DEFAULT current_timestamp() ON UPDATE current_timestamp()
) ENGINE=InnoDB DEFAULT CHARSET=utf8mb4 COLLATE=utf8mb4_general_ci;

--
-- Dumping data for table `customer_transactions`
--

INSERT INTO `customer_transactions` (`id`, `unique_customer_id`, `transaction_date`, `customer_name`, `customer_email`, `customer_phone`, `product_type`, `product_name`, `quantity`, `unit_price`, `total_amount`, `payment_method`, `transaction_status`, `notes`, `created_at`, `updated_at`) VALUES
(16, 'CUST013', '2024-02-19 11:30:00', 'Fajar Ramadhan', 'fajar@email.com', '+62-825-4567-8901', 'Books', 'Buku Keuangan Personal', 3, 150000.00, 450000.00, 'e_wallet', 'completed', NULL, '2025-10-01 06:41:36', '2025-10-01 06:41:36'),
(17, 'CUST014', '2024-02-20 13:10:00', 'Sinta Dewi', 'sinta@email.com', '+62-826-5678-9012', 'Fashion', 'Dress Party', 1, 2200000.00, 2200000.00, 'bank_transfer', 'completed', NULL, '2025-10-01 06:41:36', '2025-10-01 06:41:36'),
(18, 'CUST015', '2024-02-21 15:25:00', 'Hendra Gunawan', 'hendra@email.com', '+62-827-6789-0123', 'Electronics', 'Samsung Galaxy S24', 1, 11000000.00, 11000000.00, 'credit_card', 'completed', NULL, '2025-10-01 06:41:36', '2025-10-01 06:41:36'),
(19, 'CUST016', '2024-02-22 08:40:00', 'Maya Sari', 'maya.sari@email.com', '+62-828-7890-1234', 'Home & Living', 'Meja Makan Set', 1, 3200000.00, 3200000.00, 'bank_transfer', 'completed', NULL, '2025-10-01 06:41:36', '2025-10-01 06:41:36'),
(20, 'CUST017', '2024-02-23 12:15:00', 'Rudi Hartono', 'rudi@email.com', '+62-829-8901-2345', 'Books', 'Novel Bisnis', 2, 125000.00, 250000.00, 'cash', 'completed', NULL, '2025-10-01 06:41:36', '2025-10-01 06:41:36'),
(21, 'CUST018', '2024-02-24 17:30:00', 'Lestari Wulan', 'lestari@email.com', '+62-830-9012-3456', 'Fashion', 'Sepatu Heels', 1, 850000.00, 850000.00, 'e_wallet', 'completed', NULL, '2025-10-01 06:41:36', '2025-10-01 06:41:36'),
(22, 'CUST019', '2024-02-25 10:05:00', 'Agung Prasetyo', 'agung@email.com', '+62-831-0123-4567', 'Electronics', 'Drone DJI Mini', 1, 4200000.00, 4200000.00, 'credit_card', 'completed', NULL, '2025-10-01 06:41:36', '2025-10-01 06:41:36'),
(23, 'CUST020', '2024-02-26 14:50:00', 'Fitri Handayani', 'fitri@email.com', '+62-832-1234-5678', 'Home & Living', 'Kulkas 2 Pintu', 1, 5500000.00, 5500000.00, 'bank_transfer', 'completed', NULL, '2025-10-01 06:41:36', '2025-10-01 06:41:36'),
(24, 'CUST005', '2024-02-27 09:20:00', 'Dedi Gunawan', 'dedi@email.com', '+62-815-5555-5555', 'Electronics', 'Monitor Gaming 27 inch', 1, 3500000.00, 3500000.00, 'credit_card', 'completed', NULL, '2025-10-01 06:41:36', '2025-10-01 06:41:36'),
(25, 'CUST003', '2024-02-28 16:10:00', 'Ahmad Rahman', 'ahmad@email.com', '+62-813-3333-3333', 'Fashion', 'Jaket Kulit', 1, 1800000.00, 1800000.00, 'bank_transfer', 'completed', NULL, '2025-10-01 06:41:36', '2025-10-01 06:41:36'),
(26, 'CUST021', '2024-03-01 11:45:00', 'Yuki Tanaka', 'yuki@email.com', '+62-833-2345-6789', 'Books', 'Buku Programming Python', 1, 280000.00, 280000.00, 'e_wallet', 'completed', NULL, '2025-10-01 06:41:36', '2025-10-01 06:41:36'),
(27, 'CUST022', '2024-03-02 10:00:00', 'John Sports', 'john.sports@email.com', '+62-834-1111-2222', 'Sports', 'Sepeda Gunung', 1, 5000000.00, 5000000.00, 'credit_card', 'completed', NULL, '2025-10-01 06:44:17', '2025-10-01 06:44:17'),
(28, 'CUST023', '2024-03-02 11:00:00', 'Sarah Beauty', 'sarah@email.com', '+62-835-2222-3333', 'Health & Beauty', 'Skincare Set', 2, 750000.00, 1500000.00, 'bank_transfer', 'completed', NULL, '2025-10-01 06:44:17', '2025-10-01 06:44:17'),
(29, 'CUST024', '2024-03-02 12:00:00', 'Mike Auto', 'mike@email.com', '+62-836-3333-4444', 'Automotive', 'Ban Mobil Set', 4, 500000.00, 2000000.00, 'cash', 'completed', NULL, '2025-10-01 06:44:17', '2025-10-01 06:44:17'),
(30, 'CUST025', '2024-03-02 13:00:00', 'Lisa Food', 'lisa@email.com', '+62-837-4444-5555', 'Food & Beverage', 'Kopi Premium', 3, 200000.00, 600000.00, 'e_wallet', 'completed', NULL, '2025-10-01 06:44:17', '2025-10-01 06:44:17');

-- --------------------------------------------------------

--
-- Table structure for table `import_history`
--

CREATE TABLE `import_history` (
  `id` int(11) NOT NULL,
  `filename` varchar(255) NOT NULL,
  `original_filename` varchar(255) NOT NULL,
  `file_type` varchar(50) DEFAULT 'customer-transactions',
  `total_records` int(11) DEFAULT 0,
  `successful_records` int(11) DEFAULT 0,
  `failed_records` int(11) DEFAULT 0,
  `status` enum('processing','completed','failed','partial') DEFAULT 'processing',
  `import_date` timestamp NOT NULL DEFAULT current_timestamp(),
  `file_size` int(11) DEFAULT 0,
  `notes` text DEFAULT NULL,
  `created_at` timestamp NOT NULL DEFAULT current_timestamp()
) ENGINE=InnoDB DEFAULT CHARSET=utf8mb4 COLLATE=utf8mb4_general_ci;

--
-- Dumping data for table `import_history`
--

INSERT INTO `import_history` (`id`, `filename`, `original_filename`, `file_type`, `total_records`, `successful_records`, `failed_records`, `status`, `import_date`, `file_size`, `notes`, `created_at`) VALUES
(4, '', 'test-import-data.csv', 'customer-transactions', 15, 15, 0, 'completed', '2025-10-01 06:41:36', 0, NULL, '2025-10-01 06:41:36');

-- --------------------------------------------------------

--
-- Table structure for table `users`
--

CREATE TABLE `users` (
  `id` int(11) NOT NULL,
  `username` varchar(50) NOT NULL,
  `email` varchar(100) NOT NULL,
  `password` varchar(255) NOT NULL,
  `full_name` varchar(100) NOT NULL,
  `role` enum('admin','manager','staff') DEFAULT 'staff',
  `status` enum('active','inactive') DEFAULT 'active',
  `created_at` timestamp NOT NULL DEFAULT current_timestamp(),
  `updated_at` timestamp NOT NULL DEFAULT current_timestamp() ON UPDATE current_timestamp()
) ENGINE=InnoDB DEFAULT CHARSET=utf8mb4 COLLATE=utf8mb4_general_ci;

--
-- Dumping data for table `users`
--

INSERT INTO `users` (`id`, `username`, `email`, `password`, `full_name`, `role`, `status`, `created_at`, `updated_at`) VALUES
(1, 'admin', 'admin@vendracrm.com', '$2a$10$XsqhNUNOeQt5VCQs/q2o.OhK2K5328KVMyTjYqFH/x1xFBF9jGBU.', 'Administrator', 'admin', 'active', '2025-10-01 05:13:38', '2025-10-01 05:13:38');

--
-- Indexes for dumped tables
--

--
-- Indexes for table `chat_messages`
--
ALTER TABLE `chat_messages`
  ADD PRIMARY KEY (`message_id`),
  ADD KEY `idx_session_timestamp` (`session_id`,`timestamp`);

--
-- Indexes for table `chat_sessions`
--
ALTER TABLE `chat_sessions`
  ADD PRIMARY KEY (`session_id`);

--
-- Indexes for table `customer_transactions`
--
ALTER TABLE `customer_transactions`
  ADD PRIMARY KEY (`id`);

--
-- Indexes for table `import_history`
--
ALTER TABLE `import_history`
  ADD PRIMARY KEY (`id`);

--
-- Indexes for table `users`
--
ALTER TABLE `users`
  ADD PRIMARY KEY (`id`),
  ADD UNIQUE KEY `username` (`username`),
  ADD UNIQUE KEY `email` (`email`);

--
-- AUTO_INCREMENT for dumped tables
--

--
-- AUTO_INCREMENT for table `chat_messages`
--
ALTER TABLE `chat_messages`
  MODIFY `message_id` int(11) NOT NULL AUTO_INCREMENT, AUTO_INCREMENT=34;

--
-- AUTO_INCREMENT for table `customer_transactions`
--
ALTER TABLE `customer_transactions`
  MODIFY `id` int(11) NOT NULL AUTO_INCREMENT, AUTO_INCREMENT=31;

--
-- AUTO_INCREMENT for table `import_history`
--
ALTER TABLE `import_history`
  MODIFY `id` int(11) NOT NULL AUTO_INCREMENT, AUTO_INCREMENT=6;

--
-- AUTO_INCREMENT for table `users`
--
ALTER TABLE `users`
  MODIFY `id` int(11) NOT NULL AUTO_INCREMENT, AUTO_INCREMENT=2;

--
-- Constraints for dumped tables
--

--
-- Constraints for table `chat_messages`
--
ALTER TABLE `chat_messages`
  ADD CONSTRAINT `chat_messages_ibfk_1` FOREIGN KEY (`session_id`) REFERENCES `chat_sessions` (`session_id`) ON DELETE CASCADE;
COMMIT;

/*!40101 SET CHARACTER_SET_CLIENT=@OLD_CHARACTER_SET_CLIENT */;
/*!40101 SET CHARACTER_SET_RESULTS=@OLD_CHARACTER_SET_RESULTS */;
/*!40101 SET COLLATION_CONNECTION=@OLD_COLLATION_CONNECTION */;
